City_ID,City,Lat,Lng,Max Temp,Humidity,Cloudiness,Wind Speed,Country,Date
0,los llanos de aridane,28.6585,-17.9182,20.86,85,75,4.63,ES,1667590459
1,port alfred,-33.5906,26.891,18.43,92,70,3.89,ZA,1667590165
2,srednekolymsk,67.45,153.6833,-28.09,94,83,0.31,RU,1667590460
3,hobart,-42.8794,147.3294,11.81,87,100,3.09,AU,1667590205
4,mount gambier,-37.8333,140.7667,6.46,96,46,2.33,AU,1667590307
5,klaksvik,62.2266,-6.589,6.51,92,100,11.5,FO,1667590461
6,minab,27.1467,57.0801,25.18,65,31,0.51,IR,1667590461
7,atuona,-9.8,-139.0333,25.35,80,2,8.35,PF,1667590462
8,tuatapere,-46.1333,167.6833,9.14,74,92,5.16,NZ,1667590462
9,geraldton,-28.7667,114.6,13.23,82,0,4.12,AU,1667590463
10,koumac,-20.5667,164.2833,25.43,78,16,3.03,NC,1667590463
11,cabo san lucas,22.8909,-109.9124,29.78,57,20,4.12,MX,1667590464
12,kahului,20.8947,-156.47,28.8,75,99,4.47,US,1667590392
13,faya,18.3851,42.4509,17.29,70,19,1.25,SA,1667590464
14,pereleshino,51.7376,40.1388,0.49,94,100,1.58,RU,1667590465
15,hami,42.8,93.45,6.99,26,42,2.04,CN,1667590465
16,bluff,-46.6,168.3333,9.8,66,97,11.17,NZ,1667590466
17,cape town,-33.9258,18.4232,21.23,80,20,7.72,ZA,1667590413
18,lodja,-3.4833,23.4333,21.67,97,100,1.02,CD,1667590466
19,necochea,-38.5473,-58.7368,22.93,35,0,6.49,AR,1667590466
20,ushuaia,-54.8,-68.3,9.81,76,100,3.6,AR,1667590467
21,kamina,-8.7386,24.9906,18.2,97,97,0.39,CD,1667590467
22,matay,28.419,30.7792,20.55,40,17,3.76,EG,1667590467
23,mosalsk,54.4881,34.9817,-2.89,88,13,1.96,RU,1667590468
24,praya,14.9215,-23.5087,28.3,51,0,7.2,CV,1667590178
25,katsuura,35.1333,140.3,15.11,67,100,8.12,JP,1667590469
26,luanda,-8.8368,13.2343,26.0,83,20,4.12,AO,1667590469
27,surt,31.2089,16.5887,20.87,61,0,5.28,LY,1667590470
28,haverfordwest,51.8017,-4.9691,11.77,83,100,3.99,GB,1667590470
29,pitimbu,-7.4706,-34.8086,29.33,76,89,5.72,BR,1667590471
30,coos bay,43.3665,-124.2179,14.99,92,100,6.17,US,1667590391
31,batemans bay,-35.7167,150.1833,12.97,89,18,1.46,AU,1667590471
32,chiang khong,20.2613,100.4046,16.3,77,0,0.93,TH,1667590472
33,puerto ayora,-0.7393,-90.3518,22.98,75,65,5.8,EC,1667590420
34,san vicente,-26.6167,-54.1333,22.37,41,2,2.51,AR,1667590472
35,sao francisco,-15.9486,-44.8644,23.12,69,99,1.91,BR,1667590473
36,marsabit,2.3284,37.9899,21.51,59,95,4.87,KE,1667590473
37,punta arenas,-53.15,-70.9167,15.06,67,75,6.69,CL,1667590240
38,airai,-8.9266,125.4092,15.66,83,58,0.91,TL,1667590474
39,batagay-alyta,67.8006,130.4114,-26.24,89,21,1.8,RU,1667590474
40,east london,-33.0153,27.9116,20.45,78,100,0.63,ZA,1667590474
41,namibe,-15.1961,12.1522,19.77,75,32,4.68,AO,1667590475
42,biguacu,-27.4942,-48.6556,22.86,67,22,3.37,BR,1667590475
43,aklavik,68.2191,-135.0107,-12.33,94,100,4.91,CA,1667590476
44,moerai,-22.4333,-151.3333,22.63,72,100,8.63,PF,1667590476
45,bowen,-20.0167,148.2333,21.95,64,0,5.67,AU,1667590476
46,arraial do cabo,-22.9661,-42.0278,21.98,68,75,5.14,BR,1667590477
47,pangai,-19.8,-174.35,26.06,73,20,7.2,TO,1667590477
48,fortuna,40.5982,-124.1573,17.18,77,100,5.66,US,1667590257
49,kodiak,57.79,-152.4072,0.73,44,40,8.75,US,1667590478
50,albany,42.6001,-73.9662,21.98,53,64,1.34,US,1667590202
51,denpasar,-8.65,115.2167,25.81,88,40,1.54,ID,1667590393
52,dicabisagan,17.0818,122.4157,25.21,86,89,1.03,PH,1667590478
53,zhezkazgan,47.8043,67.7144,-0.15,71,7,3.63,KZ,1667590479
54,beloha,-25.1667,45.05,22.03,81,96,7.52,MG,1667590479
55,castro,-24.7911,-50.0119,17.66,61,64,0.31,BR,1667590480
56,valdivia,-39.8142,-73.2459,17.05,69,23,2.95,CL,1667590480
57,leningradskiy,69.3833,178.4167,-17.71,95,97,2.35,RU,1667590480
58,la asuncion,11.0333,-63.8628,28.85,70,100,6.69,VE,1667590481
59,cherskiy,68.75,161.3,-21.66,79,33,3.11,RU,1667590234
60,yar-sale,66.8333,70.8333,-12.49,90,35,3.79,RU,1667590482
61,kapaa,22.0752,-159.319,27.99,79,0,2.24,US,1667590482
62,vigrestad,58.5667,5.7,8.66,90,100,7.85,NO,1667590482
63,lokosovo,61.1333,74.8167,-0.59,97,100,3.58,RU,1667590483
64,ahipara,-35.1667,173.1667,17.01,71,2,4.33,NZ,1667590483
65,rio grande,-32.035,-52.0986,17.42,71,62,5.35,BR,1667590483
66,chokurdakh,70.6333,147.9167,-27.87,96,98,0.85,RU,1667590484
67,bredasdorp,-34.5322,20.0403,17.13,95,82,1.81,ZA,1667590484
68,rikitea,-23.1203,-134.9692,21.36,69,0,5.84,PF,1667590380
69,yulara,-25.2406,130.9889,18.32,29,0,4.58,AU,1667590485
70,grosse pointe farms,42.4092,-82.8919,23.9,65,0,8.75,US,1667590485
71,carnarvon,-24.8667,113.6333,18.89,74,0,9.72,AU,1667590486
72,hermanus,-34.4187,19.2345,19.33,89,57,4.37,ZA,1667590486
73,prince albert,53.2001,-105.7677,-5.03,86,100,2.57,CA,1667590240
74,lorengau,-2.0226,147.2712,27.07,78,95,0.63,PG,1667590487
75,kushmurun,52.4503,64.6311,-0.27,90,98,10.56,KZ,1667590487
76,port elizabeth,-33.918,25.5701,20.05,88,75,3.6,ZA,1667590487
77,bandarbeyla,9.4942,50.8122,25.71,78,13,3.29,SO,1667590488
78,ust-nera,64.5667,143.2,-20.96,97,100,0.96,RU,1667590488
79,roebourne,-20.7833,117.1333,24.46,47,5,3.93,AU,1667590272
80,port-gentil,-0.7193,8.7815,26.98,89,40,2.57,GA,1667590489
81,lagoa,39.05,-27.9833,18.05,79,100,3.33,PT,1667590489
82,makat,47.6469,53.3463,4.44,67,100,0.4,KZ,1667590490
83,vostok,46.4856,135.8833,-9.19,81,9,2.19,RU,1667590490
84,vila velha,-20.3297,-40.2925,22.97,69,75,7.2,BR,1667590490
85,pisco,-13.7,-76.2167,19.03,72,0,4.63,PE,1667590491
86,saint-philippe,-21.3585,55.7679,22.77,82,16,2.42,RE,1667590491
87,busselton,-33.65,115.3333,10.39,90,0,4.08,AU,1667590491
88,ribeira grande,38.5167,-28.7,19.87,94,75,2.24,PT,1667590492
89,hondo,32.45,130.2,14.88,63,8,4.74,JP,1667590492
90,taree,-31.9,152.4667,12.83,79,12,1.3,AU,1667590493
91,balagansk,54.0103,103.0544,-1.24,96,100,1.76,RU,1667590493
92,whitecourt,54.1502,-115.6855,0.58,80,75,1.03,CA,1667590494
93,victoria,22.2855,114.1577,22.36,82,95,4.92,HK,1667590495
94,kaohsiung,22.6163,120.3133,23.97,78,75,2.06,TW,1667590495
95,ganzhou,28.8184,115.4327,11.42,87,23,2.35,CN,1667590496
96,saskylakh,71.9167,114.0833,-19.51,98,100,3.76,RU,1667590497
97,port macquarie,-31.4333,152.9167,12.16,75,34,1.85,AU,1667590497
98,puerto suarez,-18.95,-57.8,33.2,43,0,5.14,BO,1667590498
99,rundu,-17.9333,19.7667,22.08,74,79,4.12,NA,1667590498
100,birao,10.2849,22.7882,24.91,29,49,2.43,CF,1667590498
101,yellowknife,62.456,-114.3525,-10.71,85,75,5.66,CA,1667590262
102,tver,56.8619,35.8931,-1.25,96,85,1.85,RU,1667590499
103,mopti,14.6667,-4.0,29.12,14,0,3.4,ML,1667590499
104,new norfolk,-42.7826,147.0587,11.62,73,67,0.72,AU,1667590500
105,serrinha,-11.6642,-39.0075,19.5,92,100,2.65,BR,1667590500
106,longyearbyen,78.2186,15.6401,-2.09,86,75,3.09,SJ,1667590500
107,kavaratti,10.5669,72.642,27.9,73,100,2.39,IN,1667590501
108,thompson,55.7435,-97.8558,-7.91,86,100,2.06,CA,1667590224
109,san angelo,31.4638,-100.437,24.21,31,40,11.83,US,1667590502
110,jamestown,42.097,-79.2353,22.77,53,0,5.66,US,1667590502
111,lebu,-37.6167,-73.65,14.04,77,100,3.96,CL,1667590390
112,helong,42.5397,128.9972,-3.24,42,0,2.5,CN,1667590503
113,hasaki,35.7333,140.8333,11.79,60,100,7.51,JP,1667590503
114,kropotkin,45.4375,40.5756,7.83,88,21,3.97,RU,1667590504
115,barrow,71.2906,-156.7887,-8.99,79,75,4.12,US,1667590504
116,college,64.8569,-147.8028,-10.79,85,100,2.06,US,1667590505
117,mahibadhoo,3.7833,72.9667,27.12,78,83,5.02,MV,1667590505
118,codrington,-38.2667,141.9667,7.51,95,1,3.46,AU,1667590506
119,mataura,-46.1927,168.8643,9.22,67,98,4.57,NZ,1667590506
120,smithers,54.7804,-127.1743,0.18,93,100,0.0,CA,1667590226
121,barra dos coqueiros,-10.9089,-37.0386,24.01,88,100,4.63,BR,1667590506
122,mizdah,31.4451,12.9801,16.51,28,0,3.12,LY,1667590507
123,qaanaaq,77.484,-69.3632,-8.0,65,75,3.58,GL,1667590507
124,hobyo,5.3505,48.5268,26.94,72,45,4.23,SO,1667590508
125,saint-joseph,-21.3667,55.6167,22.21,82,13,2.2,RE,1667590508
126,mar del plata,-38.0023,-57.5575,19.9,76,0,11.18,AR,1667590509
127,cururupu,-1.8283,-44.8683,27.56,72,72,2.93,BR,1667590509
128,vaini,-21.2,-175.2,25.09,78,20,3.09,TO,1667590510
129,muli,2.9167,73.5667,26.96,79,91,4.96,MV,1667590510
130,sabang,5.8933,95.3214,25.59,84,100,5.27,ID,1667590511
131,tiksi,71.6872,128.8694,-19.8,97,90,1.82,RU,1667590511
132,severo-kurilsk,50.6789,156.125,2.55,74,19,4.06,RU,1667590512
133,emerald,-23.5333,148.1667,17.38,74,0,4.1,AU,1667590512
134,boshnyakovo,49.6333,142.1667,-1.68,75,97,4.24,RU,1667590513
135,tasiilaq,65.6145,-37.6368,-0.36,84,100,8.16,GL,1667590513
136,taoudenni,22.6783,-3.9836,27.39,13,0,4.7,ML,1667590514
137,caravelas,-17.7125,-39.2481,21.64,71,100,7.16,BR,1667590515
138,fukue,32.6881,128.8419,16.06,53,9,6.54,JP,1667590515
139,huarmey,-10.0681,-78.1522,20.65,70,6,5.1,PE,1667590516
140,souillac,-20.5167,57.5167,23.21,88,75,1.03,MU,1667590516
141,ormara,25.2088,64.6357,26.31,68,100,6.32,PK,1667590517
142,hamilton,39.1834,-84.5333,24.86,53,40,6.69,US,1667590022
143,sinnamary,5.3833,-52.95,26.95,78,100,3.56,GF,1667590517
144,honiara,-9.4333,159.95,26.08,84,34,1.13,SB,1667590517
145,korla,41.7597,86.1469,6.87,42,59,1.61,CN,1667590518
146,hithadhoo,-0.6,73.0833,27.3,75,100,4.84,MV,1667590519
147,vestmannaeyjar,63.4427,-20.2734,7.59,80,100,12.53,IS,1667590519
148,wanxian,30.8039,108.3897,16.53,86,100,1.05,CN,1667590520
149,poum,-20.2333,164.0167,25.59,76,30,2.51,NC,1667590520
150,watrous,51.6668,-105.4679,1.88,64,3,4.63,CA,1667590521
151,warin chamrap,15.1932,104.8628,21.9,88,0,2.57,TH,1667590521
152,anadyr,64.75,177.4833,-22.72,83,0,3.0,RU,1667590522
153,bilma,18.6853,12.9164,23.08,22,100,2.81,NE,1667590522
154,ilulissat,69.2167,-51.1,-1.99,93,100,3.09,GL,1667590522
155,half moon bay,37.4636,-122.4286,17.67,64,75,3.09,US,1667590523
156,nawabganj,24.5911,88.271,21.09,77,0,2.06,BD,1667590524
157,mahebourg,-20.4081,57.7,23.16,88,75,1.03,MU,1667590524
158,ayan,56.45,138.1667,-4.49,52,92,7.8,RU,1667590525
159,luderitz,-26.6481,15.1594,16.36,85,3,2.45,NA,1667590525
160,springbok,-29.6643,17.8865,12.83,74,0,1.95,ZA,1667590525
161,longyan,25.1072,117.0225,17.82,98,100,0.67,CN,1667590526
162,puerto escondido,15.85,-97.0667,30.46,62,20,7.72,MX,1667590526
163,zhumadian,32.9794,114.0294,9.63,44,78,1.26,CN,1667590526
164,victor harbor,-35.5667,138.6167,13.71,79,34,3.31,AU,1667590527
165,nioro,13.35,-15.75,26.96,28,57,0.63,GM,1667590527
166,bambous virieux,-20.3428,57.7575,23.14,88,75,1.03,MU,1667590528
167,pringsewu,-5.3582,104.9744,23.26,94,99,0.94,ID,1667590528
168,tuktoyaktuk,69.4541,-133.0374,-12.0,85,100,6.69,CA,1667590528
169,lavrentiya,65.5833,-171.0,-11.42,80,94,4.48,RU,1667590529
170,glens falls,43.3095,-73.644,21.46,51,0,6.17,US,1667590529
171,nantucket,41.2835,-70.0995,20.08,84,0,4.63,US,1667590530
172,christchurch,-43.5333,172.6333,14.07,68,80,5.66,NZ,1667590530
173,neiafu,-18.65,-173.9833,23.38,94,100,2.06,TO,1667590530
174,wasilla,61.5814,-149.4394,-6.63,75,0,4.12,US,1667590531
175,avarua,-21.2078,-159.775,24.03,78,75,7.72,CK,1667590531
176,kaitangata,-46.2817,169.8464,9.88,66,67,6.81,NZ,1667590532
177,ligayan,4.6533,119.4706,28.03,77,100,2.74,PH,1667590532
178,toyooka,35.5333,134.8333,10.85,90,71,0.95,JP,1667590532
179,sao filipe,14.8961,-24.4956,27.12,62,100,4.66,CV,1667590533
180,ouro preto do oeste,-10.7481,-62.2158,29.38,36,98,1.69,BR,1667590533
181,san ramon,37.7799,-121.978,17.29,52,0,2.06,US,1667590336
182,bisira,8.5196,-81.7115,17.22,96,100,1.44,PA,1667590533
183,husavik,66.0449,-17.3389,2.67,84,100,3.11,IS,1667590534
184,saint george,37.1041,-113.5841,11.91,33,0,1.34,US,1667590534
185,ponta do sol,32.6667,-17.1,23.17,87,15,1.16,PT,1667590535
186,revelstoke,50.9832,-118.2023,2.01,93,100,7.72,CA,1667590536
187,hilo,19.7297,-155.09,22.84,94,100,3.09,US,1667590536
188,asyut,27.181,31.1837,21.1,43,34,4.16,EG,1667590537
189,nikolskoye,59.7035,30.7861,-2.06,85,34,1.52,RU,1667590537
190,quesnel,52.9999,-122.5029,1.28,93,100,3.09,CA,1667590467
191,bethel,41.3712,-73.414,22.79,58,0,4.63,US,1667590538
192,quemado de guines,22.7853,-80.2536,29.12,56,31,5.95,CU,1667590538
193,vardo,70.3705,31.1107,2.99,87,75,8.23,NO,1667590539
194,belaya gora,68.5333,146.4167,-28.2,100,98,0.96,RU,1667590539
195,araouane,18.9048,-3.5265,27.14,12,0,2.93,ML,1667590540
196,port lincoln,-34.7333,135.8667,14.23,87,47,4.67,AU,1667590540
197,fort nelson,58.8053,-122.7002,-8.92,76,100,4.12,CA,1667590540
198,rudbar,30.15,62.6,21.14,36,93,0.7,AF,1667590541
199,obregon,11.9566,-85.9636,27.05,83,83,1.86,NI,1667590541
200,saravan,39.7196,45.6483,4.2,60,1,1.33,AM,1667590541
201,takoradi,4.8845,-1.7554,26.03,86,100,2.71,GH,1667590415
202,oktyabrskoye,43.0645,44.7417,2.08,100,100,2.0,RU,1667590542
203,port hawkesbury,45.6169,-61.3485,18.51,54,0,4.12,CA,1667590542
204,hefei,31.8639,117.2808,10.01,76,0,1.0,CN,1667590543
205,vila,42.0304,-8.1588,6.49,85,75,1.46,PT,1667590473
206,sao joao da barra,-21.6403,-41.0511,23.05,63,6,7.01,BR,1667590528
207,ust-barguzin,53.45,108.9833,-2.56,85,100,1.59,RU,1667590544
208,namatanai,-3.6667,152.4333,26.42,79,100,0.5,PG,1667590544
209,bengkulu,-3.8004,102.2655,24.1,88,100,1.55,ID,1667590544
210,telsiai,55.9814,22.2472,4.99,89,87,4.94,LT,1667590545
211,cayenne,4.9333,-52.3333,25.02,94,75,0.0,GF,1667590512
212,palmer,42.1584,-72.3287,22.36,46,20,7.72,US,1667590545
213,inhambane,-23.865,35.3833,24.39,85,98,5.07,MZ,1667590545
214,sorland,67.667,12.6934,8.92,86,100,4.57,NO,1667590546
215,kpandu,6.9954,0.2931,25.67,84,100,3.03,GH,1667590546
216,deputatskiy,69.3,139.9,-26.25,86,75,1.41,RU,1667590547
217,guaira,-20.3183,-48.3106,26.14,34,64,4.95,BR,1667590547
218,upernavik,72.7868,-56.1549,-2.27,94,100,4.86,GL,1667590547
219,alibag,18.6411,72.8792,24.04,55,0,2.9,IN,1667590548
220,whitehorse,60.7161,-135.0538,-8.88,65,100,5.14,CA,1667590316
221,nome,64.5011,-165.4064,-10.96,79,0,1.54,US,1667590429
222,bafq,31.6128,55.4107,17.39,47,0,1.91,IR,1667590549
223,luang prabang,19.8856,102.1347,15.99,81,0,0.69,LA,1667590549
224,isangel,-19.55,169.2667,23.06,94,4,0.0,VU,1667590549
225,khatanga,71.9667,102.5,-27.01,100,71,0.63,RU,1667590550
226,pasighat,28.0667,95.3333,17.32,62,0,1.79,IN,1667590550
227,guerrero negro,27.9769,-114.0611,21.52,30,1,1.27,MX,1667590452
228,udachnyy,66.4167,112.4,-13.39,94,99,6.33,RU,1667590551
229,naze,28.3667,129.4833,17.51,67,41,6.43,JP,1667590551
230,butaritari,3.0707,172.7902,26.4,74,90,3.1,KI,1667590551
231,suhut,38.5311,30.5458,11.21,44,4,1.19,TR,1667590552
232,egvekinot,66.3167,-179.1667,-16.62,70,0,2.9,RU,1667590552
233,benguela,-12.5763,13.4055,24.8,81,10,2.43,AO,1667590553
234,domoni,-12.2569,44.5319,24.11,80,0,2.73,KM,1667590553
235,ostrovnoy,68.0531,39.5131,2.53,96,100,6.04,RU,1667590553
236,georgetown,5.4112,100.3354,26.8,90,20,1.54,MY,1667590554
237,salalah,17.0151,54.0924,25.05,69,0,2.06,OM,1667590554
238,almaznyy,48.0448,40.045,3.54,92,99,1.18,RU,1667590554
239,bakchar,57.0186,82.0711,-2.0,78,100,3.18,RU,1667590555
240,grindavik,63.8424,-22.4338,7.26,87,75,9.26,IS,1667590555
241,tura,25.5198,90.2201,18.19,87,0,1.79,IN,1667590556
242,torbay,47.6666,-52.7314,10.43,74,40,2.57,CA,1667590541
243,damphu,27.0721,90.1096,13.77,67,0,2.55,BT,1667590556
244,mogocha,53.7333,119.7667,-13.41,96,26,0.81,RU,1667590556
245,chuy,-33.6971,-53.4616,17.28,61,0,5.26,UY,1667590557
246,touros,-5.1989,-35.4608,26.91,75,79,4.09,BR,1667590557
247,tombouctou,20.0,-3.0,25.62,14,0,2.22,ML,1667590557
248,teguldet,57.3064,88.1667,-7.37,97,55,0.94,RU,1667590558
249,vao,-22.6667,167.4833,24.19,84,34,9.52,NC,1667590558
250,te anau,-45.4167,167.7167,8.52,72,21,1.83,NZ,1667590559
251,shenzhen,22.5455,114.0683,22.3,97,96,2.9,CN,1667590362
252,lashio,22.9333,97.75,14.23,86,76,0.68,MM,1667590559
253,cugir,45.8333,23.3667,11.08,72,100,1.64,RO,1667590560
254,dikson,73.5069,80.5464,-4.86,97,100,1.9,RU,1667590560
255,orel-izumrud,43.4583,39.9244,11.01,93,100,3.0,RU,1667590560
256,kaniama,-7.5667,24.1833,19.58,96,100,1.32,CD,1667590561
257,suntar,62.1444,117.6319,-9.12,92,100,3.72,RU,1667590561
258,mayo,38.8876,-76.5119,25.07,76,75,0.89,US,1667590562
259,constitucion,-35.3333,-72.4167,14.39,67,100,3.33,CL,1667590562
260,vila franca do campo,37.7167,-25.4333,21.78,94,96,2.84,PT,1667590563
261,sivaki,52.6333,126.75,-10.34,76,29,5.73,RU,1667590563
262,shaowu,27.3409,117.4831,14.04,97,100,0.57,CN,1667590564
263,northam,51.0333,-4.2167,10.7,78,100,3.8,GB,1667590564
264,asau,46.4333,26.4,9.6,77,98,1.39,RO,1667590564
265,najran,17.4924,44.1277,22.36,33,2,0.88,SA,1667590565
266,mega,4.05,38.3,16.4,77,98,3.46,ET,1667590565
267,mahajanga,-15.7167,46.3167,26.01,83,40,3.09,MG,1667590566
268,acapulco,16.8634,-99.8901,28.9,74,0,5.66,MX,1667590368
269,zyryanskoye,56.8306,86.6258,-4.9,88,13,2.14,RU,1667590566
270,trat,12.5,102.5,27.71,71,94,2.31,TH,1667590567
271,nanortalik,60.1432,-45.2371,1.8,71,97,5.12,GL,1667590567
272,hualmay,-11.0964,-77.6139,20.35,69,8,5.38,PE,1667590568
273,comodoro rivadavia,-45.8667,-67.5,26.92,16,0,3.6,AR,1667590568
274,pevek,69.7008,170.3133,-24.7,93,9,1.81,RU,1667590569
275,saldanha,-33.0117,17.9442,16.03,94,33,4.95,ZA,1667590569
276,flin flon,54.7682,-101.865,-5.09,86,100,4.63,CA,1667590570
277,norman wells,65.282,-126.8329,-12.98,78,75,4.12,CA,1667590570
278,okhotsk,59.3833,143.3,-3.64,64,100,7.83,RU,1667590570
279,lima,-12.0432,-77.0282,19.14,60,0,7.2,PE,1667590276
280,la ronge,55.1001,-105.2842,-4.86,80,100,4.63,CA,1667590571
281,belfast,54.5833,-5.9333,9.33,93,75,3.6,GB,1667590572
282,ternate,0.8,127.4,27.03,80,98,1.11,ID,1667590572
283,aranos,-24.1333,19.1167,24.23,5,0,6.84,NA,1667590573
284,port hardy,50.6996,-127.4199,5.1,100,100,3.6,CA,1667590573
285,sao felix do xingu,-6.6447,-51.995,24.03,91,99,1.63,BR,1667590573
286,pingliang,35.5392,106.6861,5.31,86,6,1.17,CN,1667590574
287,linhares,-19.3911,-40.0722,20.14,67,98,4.91,BR,1667590322
288,hay river,60.8156,-115.7999,-8.01,86,100,7.72,CA,1667590575
289,margate,51.3813,1.3862,9.83,77,4,1.79,GB,1667590575
290,claresholm,50.0333,-113.5852,3.95,52,23,8.75,CA,1667590481
291,oyama,36.3,139.8,15.33,60,100,1.24,JP,1667590576
292,lerwick,60.1545,-1.1494,9.0,82,45,6.98,GB,1667590576
293,alice springs,-23.7,133.8833,10.75,46,0,0.0,AU,1667590577
294,arman,59.7,150.1667,-6.07,81,100,3.61,RU,1667590577
295,wanning,18.8003,110.3967,21.17,93,19,3.63,CN,1667590578
296,camana,-16.6228,-72.7111,19.42,71,7,4.01,PE,1667590578
297,shugurovo,54.5083,52.1326,-1.69,98,100,1.0,RU,1667590578
298,arauco,-37.2463,-73.3175,13.17,77,100,2.68,CL,1667590579
299,nicoya,10.1483,-85.452,24.64,91,100,0.79,CR,1667590580
300,meadow lake,34.8014,-106.5436,8.21,38,97,10.58,US,1667590580
301,cap malheureux,-19.9842,57.6142,22.48,78,95,0.89,MU,1667590581
302,baruun-urt,46.6806,113.2792,-5.55,56,43,2.81,MN,1667590581
303,ixtapa,20.7,-105.2,28.46,57,0,4.63,MX,1667590581
304,panacan,9.2463,118.4082,26.31,82,98,1.99,PH,1667590582
305,santa fe,-31.6333,-60.7,28.89,31,94,3.58,AR,1667590561
306,roald,62.5833,6.1333,10.65,100,75,1.03,NO,1667590583
307,naldurg,17.8167,76.3,20.3,53,0,4.78,IN,1667590584
308,mojo,8.6,39.1167,16.87,58,15,2.37,ET,1667590584
309,soyo,-6.1349,12.3689,25.75,86,93,3.46,AO,1667590585
310,morgan city,29.6994,-91.2068,28.33,78,100,3.09,US,1667590585
311,kruisfontein,-34.0033,24.7314,18.82,93,100,1.83,ZA,1667590586
312,sabana de torres,7.3915,-73.4957,31.34,72,100,1.45,CO,1667590586
313,dhidhdhoo,6.8833,73.1,27.35,69,83,2.2,MV,1667590587
314,ketchikan,55.3422,-131.6461,4.2,92,100,1.82,US,1667590394
315,yashan,22.1975,109.9419,18.74,79,100,2.89,CN,1667590588
316,paragominas,-2.9667,-47.4833,24.5,88,100,1.31,BR,1667590588
317,khlung,12.4547,102.2214,27.78,69,88,1.87,TH,1667590588
318,tsumeb,-19.2333,17.7167,26.2,20,7,3.82,NA,1667590589
319,juba,4.8517,31.5825,23.82,75,66,1.48,SS,1667590589
320,andenes,69.3143,16.1194,5.52,93,0,4.63,NO,1667590589
321,sitka,57.0531,-135.33,3.94,87,75,0.0,US,1667590590
322,ulaanbaatar,47.9077,106.8832,-15.93,85,0,0.0,MN,1667590590
323,olafsvik,64.8945,-23.7142,5.69,74,100,8.05,IS,1667590590
324,mantua,45.1667,10.7833,12.53,83,1,1.34,IT,1667590591
325,maceio,-9.6658,-35.7353,25.69,88,75,4.12,BR,1667590316
326,carlos antonio lopez,-26.4,-54.7667,26.11,40,3,1.2,PY,1667590592
327,coihaique,-45.5752,-72.0662,27.34,21,0,3.09,CL,1667590592
328,inta,66.0317,60.1659,-13.56,94,15,2.53,RU,1667590592
329,shitanjing,39.2342,106.3439,1.58,48,0,2.98,CN,1667590593
330,zagora,30.3484,-5.8365,21.9,19,7,2.5,MA,1667590593
331,gazli,40.1333,63.45,11.25,67,2,2.48,UZ,1667590409
332,nadym,65.5333,72.5167,-11.54,98,88,2.63,RU,1667590594
333,kudahuvadhoo,2.6708,72.8944,26.95,81,98,5.92,MV,1667590594
334,kolosovka,56.4678,73.611,3.58,69,100,8.6,RU,1667590595
335,grand gaube,-20.0064,57.6608,23.22,78,97,0.89,MU,1667590595
336,sroda wielkopolska,52.2284,17.2762,9.56,93,100,2.08,PL,1667590596
337,faanui,-16.4833,-151.75,24.94,84,97,11.69,PF,1667590596
338,nyagan,62.1406,65.3936,-7.63,99,85,1.68,RU,1667590596
339,fairbanks,64.8378,-147.7164,-10.78,86,100,2.06,US,1667590573
340,macamic,48.7502,-78.9996,15.72,71,100,8.41,CA,1667590597
341,ojinaga,29.5667,-104.4167,20.87,29,0,10.29,MX,1667590597
342,burglengenfeld,49.2056,12.0414,8.08,87,40,0.0,DE,1667590597
343,perth,-31.9333,115.8333,13.0,84,0,4.63,AU,1667590200
344,prainha,-1.8,-53.48,29.96,55,100,1.38,BR,1667590598
345,berlevag,70.8578,29.0864,5.0,87,75,3.6,NO,1667590598
346,fakel,57.6325,53.0252,-1.27,92,100,0.84,RU,1667590599
347,nishihara,26.1842,127.7558,22.03,67,75,6.17,JP,1667590599
348,oksovskiy,62.6062,39.8984,-6.54,98,31,0.89,RU,1667590600
349,haines junction,60.7522,-137.5108,-10.03,62,100,6.17,CA,1667590600
350,turkistan,43.0,68.0,8.27,63,90,6.16,KZ,1667590600
351,panino,51.6467,40.1346,0.38,93,100,1.56,RU,1667590601
352,conakry,9.538,-13.6773,28.44,75,100,3.49,GN,1667590601
353,sioux lookout,50.1001,-91.917,0.04,69,75,3.6,CA,1667590601
354,ancud,-41.8697,-73.8203,13.87,80,100,3.86,CL,1667590435
355,rusera,25.75,86.0333,21.67,59,0,1.36,IN,1667590602
356,pak phanang,8.3511,100.202,24.62,91,100,0.35,TH,1667590602
357,salisbury,51.0693,-1.7957,8.76,87,100,4.12,GB,1667590541
358,porto novo,6.4965,2.6036,26.9,83,100,2.84,BJ,1667590603
359,bubaque,11.2833,-15.8333,29.61,56,100,2.13,GW,1667590604
360,ucluelet,48.9329,-125.5528,12.27,94,100,0.89,CA,1667590604
361,kaduqli,11.0167,29.7167,25.19,31,3,3.11,SD,1667590604
362,beaverlodge,55.2166,-119.4361,2.64,59,84,2.13,CA,1667590605
363,tabou,4.423,-7.3528,25.99,83,100,2.53,CI,1667590605
364,marzuq,14.4,46.4667,20.27,68,2,1.42,YE,1667590605
365,gilgit,35.9221,74.3087,14.28,67,100,0.53,PK,1667590606
366,kavieng,-2.5744,150.7967,27.92,75,46,2.29,PG,1667590606
367,wuwei,37.9281,102.6414,2.7,45,95,1.78,CN,1667590578
368,chenzhou,25.8,113.0333,14.61,88,98,0.9,CN,1667590607
369,ylojarvi,61.5563,23.5961,5.35,96,100,4.12,FI,1667590607
370,bologna,44.4667,11.4333,12.8,80,0,1.54,IT,1667590608
371,michigan city,41.7075,-86.895,23.12,69,100,4.12,US,1667590495
372,alofi,-19.0595,-169.9187,22.94,94,75,6.69,NU,1667590608
373,yarada,17.65,83.2667,26.18,89,40,1.03,IN,1667590609
374,hambantota,6.1241,81.1185,24.59,89,100,3.39,LK,1667590609
375,ulagan,50.6321,87.9563,-4.48,88,83,0.94,RU,1667590609
376,scarborough,54.2797,-0.4044,8.76,86,9,2.68,GB,1667590562
377,cuamba,-14.8031,36.5372,22.93,75,39,1.6,MZ,1667590610
378,nemuro,43.3236,145.575,4.35,62,2,4.87,JP,1667590610
379,pozo colorado,-23.4923,-58.7972,29.09,28,0,3.47,PY,1667590611
380,yurino,56.2942,46.3039,1.17,85,100,1.62,RU,1667590611
381,ambilobe,-13.2,49.05,22.08,75,0,1.88,MG,1667590611
382,lake wales,27.9014,-81.5859,30.01,49,20,6.17,US,1667590456
383,ballina,-28.8667,153.5667,14.45,99,40,3.19,AU,1667590612
384,burns lake,54.2331,-125.7533,0.68,86,100,1.56,CA,1667590612
385,masunga,-20.6246,27.4488,18.68,81,98,2.97,BW,1667590613
386,caxito,-8.5785,13.6643,24.98,87,44,2.09,AO,1667590613
387,port hedland,-20.3167,118.5667,21.03,60,2,2.06,AU,1667590331
388,myaundzha,63.0494,147.1858,-18.4,99,95,2.2,RU,1667590614
389,tursunzoda,38.5144,68.2333,11.84,95,100,1.21,TJ,1667590614
390,oranjestad,12.524,-70.027,30.51,74,20,5.14,AW,1667590614
391,flinders,-34.5833,150.8552,13.43,83,1,1.79,AU,1667590615
392,carauari,-4.8828,-66.8958,27.24,66,98,1.37,BR,1667590615
393,nandi hills,0.1066,35.1838,13.7,90,96,1.47,KE,1667590615
394,port-cartier,50.0334,-66.8654,9.12,76,98,3.96,CA,1667590616
395,yinchuan,38.4681,106.2731,5.3,39,0,2.25,CN,1667590616
396,talnakh,69.4865,88.3972,-10.44,93,100,5.35,RU,1667590617
397,muros,42.7762,-9.0603,11.72,89,15,2.78,ES,1667590617
398,little elm,33.1626,-96.9375,24.18,91,97,7.15,US,1667590551
399,alpena,45.0617,-83.4327,22.14,63,40,6.69,US,1667590618
400,paamiut,61.994,-49.6678,-0.99,80,95,11.28,GL,1667590618
401,paraiso,9.8383,-83.8656,21.95,97,100,0.7,CR,1667590619
402,mehamn,71.0357,27.8492,4.97,87,75,2.57,NO,1667590619
403,petropavlovsk-kamchatskiy,53.0452,158.6483,-2.67,100,75,2.0,RU,1667590619
404,wainwright,52.839,-110.8572,-1.99,73,29,2.14,CA,1667590507
405,narsaq,60.9167,-46.05,8.12,68,75,3.84,GL,1667590620
406,bobo dioulasso,11.1771,-4.2979,25.25,44,69,2.06,BF,1667590559
407,guhagar,17.4842,73.1929,24.13,61,0,3.39,IN,1667590620
408,la rioja,42.25,-2.5,6.88,83,100,4.05,ES,1667590621
409,zarubino,42.63,131.0922,0.75,42,0,5.54,RU,1667590621
410,boende,-0.2167,20.8667,21.02,98,68,0.33,CD,1667590622
411,sept-iles,50.2001,-66.3821,9.29,82,75,2.24,CA,1667590622
412,waynesville,35.4887,-82.9887,21.86,53,0,1.34,US,1667590502
413,portland,45.5234,-122.6762,13.49,92,100,6.71,US,1667589959
414,port blair,11.6667,92.75,25.84,71,78,2.5,IN,1667590397
415,villa de reyes,21.8,-100.9333,28.29,22,2,3.16,MX,1667590623
416,pimentel,-6.8367,-79.9342,22.16,56,0,7.72,PE,1667590624
417,cabedelo,-6.9811,-34.8339,29.37,77,86,6.1,BR,1667590624
418,andilamena,-17.0167,48.5833,17.27,92,68,2.45,MG,1667590625
419,mbulu,-3.85,35.5333,17.79,45,45,4.04,TZ,1667590625
420,annau,37.8876,58.516,13.72,62,75,3.09,TM,1667590626
421,novikovo,51.1537,37.8879,2.4,86,100,1.29,RU,1667590626
422,pangoa,-12.1167,-73.0,29.43,33,6,2.16,PE,1667590627
423,san cristobal,7.7669,-72.225,25.1,64,100,2.25,VE,1667590627
424,mahon,39.8885,4.2658,16.31,63,20,4.12,ES,1667590535
425,westport,41.1415,-73.3579,23.27,69,6,1.79,US,1667590628
426,viedma,-40.8135,-62.9967,29.75,14,95,9.25,AR,1667590629
427,kalabo,-14.97,22.6814,22.51,64,62,2.06,ZM,1667590629
428,samarai,-10.6167,150.6667,27.65,78,43,4.13,PG,1667590630
429,nazarovo,56.0064,90.3914,-3.65,87,10,0.55,RU,1667590630
430,kholmogory,64.2229,41.656,-3.81,94,73,1.35,RU,1667590631
431,matadi,-5.8167,13.45,25.69,88,99,2.12,CD,1667590631
432,polewali,-3.4324,119.3435,24.87,89,99,1.6,ID,1667590632
433,riedlingen,48.1545,9.4756,7.85,93,99,1.93,DE,1667590632
434,marquette,46.5333,-87.6335,6.01,93,100,3.39,US,1667590633
435,nelson bay,-32.7167,152.15,13.89,98,2,2.68,AU,1667590633
436,bairiki,1.3292,172.9752,25.0,83,20,2.06,KI,1667590634
437,dzilam gonzalez,21.2833,-88.9333,32.95,47,40,3.32,MX,1667590635
438,ivanovka,42.8878,75.085,10.84,65,100,0.38,KG,1667590635
439,dickinson,29.4608,-95.0513,29.49,81,75,10.29,US,1667590400
440,kieta,-6.2167,155.6333,26.4,80,99,0.97,PG,1667590636
441,provideniya,64.3833,-173.3,-11.63,82,13,3.28,RU,1667590636
442,khandyga,62.6667,135.6,-20.79,100,98,0.33,RU,1667590637
443,umea,63.8284,20.2597,7.96,87,100,6.17,SE,1667590637
444,magadan,59.5667,150.8,-5.29,93,100,3.89,RU,1667590638
445,ust-kuyga,70.0167,135.6,-21.03,100,100,1.36,RU,1667590638
446,hastings,50.8552,0.5729,9.43,73,5,4.82,GB,1667590638
447,solnechnyy,50.7214,136.6319,-5.87,75,61,1.8,RU,1667590639
448,dong hoi,17.4833,106.6,21.28,90,2,3.85,VN,1667590639
449,mandera,3.9366,41.867,29.52,50,78,3.06,KE,1667590640
450,beringovskiy,63.05,179.3167,-14.27,91,92,0.9,RU,1667590640
451,sur,22.5667,59.5289,26.19,53,100,3.62,OM,1667590617
452,kortkeros,61.8106,51.5806,-2.0,91,100,1.57,RU,1667590641
453,camacha,33.0833,-16.3333,18.68,94,75,7.2,PT,1667590576
454,dmitriyevka,54.75,55.3333,-1.25,94,14,2.42,RU,1667590642
455,gat,31.61,34.7642,19.9,59,50,2.68,IL,1667590642
456,san rafael,-34.6177,-68.3301,29.19,12,86,7.97,AR,1667590643
457,lundazi,-12.2929,33.1782,23.94,45,68,4.3,ZM,1667590643
458,emba,48.8264,58.1442,-0.73,80,100,2.31,KZ,1667590644
459,tukrah,32.5341,20.5791,20.31,71,0,0.96,LY,1667590644
460,vanersborg,58.3807,12.3234,10.97,81,100,6.69,SE,1667590645
461,waipawa,-41.4122,175.5153,12.84,68,6,3.41,NZ,1667590645
462,havre-saint-pierre,50.2334,-63.5986,8.2,76,0,3.09,CA,1667590645
463,pyapon,16.2833,95.6833,23.14,86,0,1.04,MM,1667590646
464,karabanovo,56.3167,38.7,-0.4,93,100,2.01,RU,1667590646
465,kulhudhuffushi,6.6221,73.07,27.31,69,99,2.14,MV,1667590647
466,kupang,-10.1667,123.5833,26.36,80,100,2.29,ID,1667590647
467,puerto rondon,6.2805,-71.1,27.61,62,100,3.83,CO,1667590648
468,manaus,-3.1019,-60.025,29.28,65,75,2.06,BR,1667590648
469,freeport,40.6576,-73.5832,22.99,73,0,4.63,US,1667590648
470,padang,-0.9492,100.3543,24.78,87,100,1.09,ID,1667590649
471,guozhen,34.3659,107.359,10.19,82,11,1.17,CN,1667590649
472,bagnes,46.0833,7.2167,7.41,87,0,1.03,CH,1667590650
473,malakal,9.5334,31.6605,26.19,40,1,1.21,SS,1667590650
474,panzhihua,26.5851,101.7128,15.38,81,90,0.37,CN,1667590651
475,vanderhoof,54.0166,-124.0198,0.59,87,100,1.14,CA,1667590651
476,sorong,-0.8833,131.25,25.92,85,100,2.26,ID,1667590652
477,monze,-16.2833,27.4833,21.86,65,50,1.9,ZM,1667590652
478,vagur,61.4732,-6.8119,8.0,83,79,10.62,FO,1667590653
479,pathein,16.7833,94.7333,22.8,87,2,0.86,MM,1667590653
480,luena,-11.7833,19.9167,18.14,87,68,1.53,AO,1667590653
481,lompoc,34.6391,-120.4579,21.58,37,75,7.72,US,1667590370
482,clyde river,70.4692,-68.5914,-13.87,66,100,3.6,CA,1667590654
483,pangnirtung,66.1451,-65.7125,-11.0,67,75,4.63,CA,1667590654
484,dullewala,31.8359,71.4362,24.15,32,100,3.92,PK,1667590654
485,dehui,44.5333,125.7,-2.52,53,5,4.73,CN,1667590655
486,uglovskoye,51.3557,80.1942,6.74,49,100,5.69,RU,1667590655
487,guzelyurt,38.2772,34.3719,8.39,51,1,2.24,TR,1667590656
488,celestun,20.8667,-90.4,31.08,58,84,3.81,MX,1667590656
489,iskateley,67.6803,53.1512,-2.45,94,100,4.78,RU,1667590657
490,larap,14.299,122.6504,25.34,91,99,3.16,PH,1667590657
491,jibuti,11.5,42.5,23.29,74,12,6.04,DJ,1667590657
492,kralendijk,12.15,-68.2667,29.99,70,20,4.63,BQ,1667590403
493,oswego,43.4501,-76.1497,23.3,40,65,4.02,US,1667590658
494,bangad,15.5036,121.0275,22.64,90,38,1.67,PH,1667590658
495,iqaluit,63.7506,-68.5145,-7.15,63,75,4.12,CA,1667590658
496,carutapera,-1.195,-46.02,27.55,76,47,3.96,BR,1667590659
497,khonsa,27.0167,95.5667,15.01,83,5,1.64,IN,1667590659
498,okha,53.5739,142.9478,0.11,88,41,7.88,RU,1667590660
499,nalut,30.3333,10.85,18.16,25,0,2.69,LY,1667590660
500,taranagar,28.6709,75.0351,25.33,36,0,3.74,IN,1667590660
501,saint-pierre,-21.3393,55.4781,22.82,64,0,2.06,RE,1667590661
502,xining,36.6167,101.7667,2.04,62,100,0.64,CN,1667590582
503,thiruvananthapuram,8.4833,76.9167,24.99,94,75,1.54,IN,1667590661
504,benghazi,32.1167,20.0667,21.51,65,0,1.77,LY,1667590662
505,el estor,15.5333,-89.35,29.16,75,58,2.09,GT,1667590662
506,puerto del rosario,28.5004,-13.8627,22.86,73,20,7.72,ES,1667590455
507,kailua,21.4022,-157.7394,28.99,79,100,2.24,US,1667590662
508,terney,45.0503,136.6092,-1.45,51,2,3.09,RU,1667590663
509,avera,33.194,-82.5271,26.42,43,0,4.2,US,1667590663
510,aksha,50.2814,113.2867,-3.41,61,100,1.69,RU,1667590664
511,chicama,-7.8447,-79.1469,18.3,59,30,4.66,PE,1667590664
512,martil,35.6166,-5.2752,21.98,73,40,6.17,MA,1667590665
513,esperance,-33.8667,121.9,14.28,78,2,6.58,AU,1667590467
514,ulladulla,-35.35,150.4667,14.12,80,43,1.81,AU,1667590665
515,orlik,52.5178,99.825,-12.0,87,23,0.93,RU,1667590665
516,sale,34.0389,-6.8166,18.75,100,81,2.06,MA,1667590666
517,plouzane,48.3833,-4.6167,10.03,84,0,2.06,FR,1667590666
518,sao borja,-28.6606,-56.0044,27.19,36,2,4.61,BR,1667590666
519,chapais,49.7834,-74.8492,15.88,58,100,7.93,CA,1667590667
520,marawi,7.9986,124.2928,20.38,93,81,0.81,PH,1667590667
521,syke,52.9,8.8333,8.3,93,0,1.03,DE,1667590668
522,camocim,-2.9022,-40.8411,27.63,70,48,6.26,BR,1667590668
523,ampanihy,-24.7,44.75,22.03,78,96,5.8,MG,1667590669
524,salta,-24.7859,-65.4117,26.99,19,0,4.63,AR,1667590516
525,nanyamba,-10.6833,39.8333,19.61,97,0,1.48,TZ,1667590669
526,celinac,44.7228,17.3278,11.37,94,100,0.64,BA,1667590669
527,cehegin,38.0924,-1.7985,14.62,34,100,2.99,ES,1667590670
528,laval,45.57,-73.692,21.83,51,75,4.63,CA,1667590670
529,ca mau,9.1769,105.15,24.45,93,100,3.22,VN,1667590671
530,balkhash,46.844,74.9804,8.65,84,77,5.16,KZ,1667590671
531,raudeberg,61.9875,5.1352,6.64,1,100,1.67,NO,1667590672
532,loikaw,19.6742,97.2094,16.65,89,11,1.05,MM,1667590672
533,zaltan,32.947,11.8665,22.36,30,58,5.69,LY,1667590672
534,hovd,48.0056,91.6419,-5.2,73,52,0.46,MN,1667590673
535,anito,12.4497,125.2886,25.58,90,92,2.19,PH,1667590673
536,merritt,50.1123,-120.7942,2.0,89,100,1.46,CA,1667590508
537,shingu,33.7333,135.9833,11.66,73,3,2.44,JP,1667590674
538,el paisnal,13.9736,-89.2186,31.45,70,24,1.33,SV,1667590674
539,antalaha,-14.9003,50.2788,21.09,89,36,1.1,MG,1667590674
540,zhigansk,66.7697,123.3711,-15.33,95,100,7.81,RU,1667590675
541,kinston,35.2627,-77.5816,27.1,57,40,1.54,US,1667590675
542,san patricio,28.017,-97.5169,30.92,69,85,9.53,US,1667590676
543,san juan,-31.5375,-68.5364,30.61,9,84,3.63,AR,1667590674
544,zalantun,48.0,122.7167,-4.27,65,2,3.36,CN,1667590676
545,jumla,29.2747,82.1838,7.05,76,0,2.12,NP,1667590677
546,birjand,32.8663,59.2211,8.26,66,0,3.09,IR,1667590677
547,kayes,14.0,-11.0,28.53,14,0,2.77,ML,1667590677
548,morwell,-38.2333,146.4,11.33,98,66,1.5,AU,1667590678
549,pemangkat,1.1667,108.9667,25.13,78,99,1.83,ID,1667590635
550,la romana,18.4273,-68.9728,26.2,94,75,0.0,DO,1667590678
551,olavarria,-36.8927,-60.3225,25.48,25,1,5.47,AR,1667590679
552,kasongo-lunda,-6.4667,16.8167,21.26,98,99,1.14,CD,1667590679
553,tomatlan,19.9333,-105.25,31.1,41,3,2.2,MX,1667590679
554,mae hong son,19.3003,97.9685,21.44,81,53,0.64,TH,1667590680
555,sakakah,29.9697,40.2064,20.76,37,2,4.08,SA,1667590680
556,byron bay,-28.65,153.6167,14.41,78,28,3.27,AU,1667590681
557,turukhansk,65.8167,87.9833,-12.57,96,100,3.25,RU,1667590681
558,banyuwangi,-8.2325,114.3576,24.55,94,100,0.69,ID,1667590681
559,chumphon,10.3333,98.8333,19.86,82,90,0.95,TH,1667590682
560,serebryansk,49.6925,83.2892,3.4,81,92,2.34,KZ,1667590682
561,roma,43.2128,-75.4557,22.15,43,0,5.14,US,1667590682
562,norrtalje,59.758,18.705,10.01,87,100,4.82,SE,1667590683
563,abbeville,50.1,1.8333,10.98,83,18,1.55,FR,1667590522
564,bay roberts,47.5999,-53.2648,10.86,79,13,1.17,CA,1667590510
565,visby,57.6409,18.296,9.9,81,100,8.75,SE,1667590553
566,chokwe,-24.5333,32.9833,26.85,59,99,5.48,MZ,1667590684
567,masyaf,35.0653,36.3406,15.31,70,0,1.35,SY,1667590684
568,pietarsaari,63.65,22.6833,6.11,93,92,4.92,FI,1667590685
569,kedrovyy,56.1667,91.8167,-1.77,97,9,1.08,RU,1667590685
570,buala,-8.145,159.5921,27.02,79,64,0.88,SB,1667590686
571,kozhevnikovo,56.2589,83.9714,-5.42,76,100,2.67,RU,1667590686
572,razdolinsk,58.4211,94.6658,-5.2,98,99,1.41,RU,1667590686
573,atar,20.5169,-13.0499,26.76,11,0,4.03,MR,1667590687
574,yumen,40.2833,97.2,0.42,44,15,3.2,CN,1667590687
575,pacific grove,36.6177,-121.9166,18.01,50,0,2.68,US,1667590688
576,paisley,55.8317,-4.4325,9.81,88,75,2.57,GB,1667590604
577,khuzhir,53.1939,107.3397,2.2,59,100,3.11,RU,1667590689
578,tilichiki,60.4667,166.1,0.89,98,100,14.49,RU,1667590689
579,vagay,57.9375,69.0217,1.51,97,100,4.95,RU,1667590690
580,iwanai,42.9744,140.5089,4.8,70,95,4.6,JP,1667590690
